1,0.610651378,-0.459645658
1,-0.555537034,0.730968203
0,-0.584957041,0.6633846
1,1.197522563,-0.69494032
0,-0.554557303,0.796669797
0,-0.524280621,0.882978375
1,0.623590032,-0.782186612
0,0.060170254,0.910675386
0,0.443282654,0.647677162
0,0.628799725,0.892566295
0,-0.794410278,0.243574038
0,-1.010781764,0.958953985
0,0.744346405,0.896406975
0,0.999271644,0.912250561
0,-0.609919015,0.507849042
0,1.133935298,0.078846706
1,1.330145344,-0.729985966
1,2.124172723,0.41772343
1,0.432837217,-0.332806101
1,0.946458147,-0.542550425
1,1.258877764,-0.495588094
1,1.565871874,-0.215983504
0,0.742005632,0.791863476
0,-0.758564017,0.388747303
1,1.215132489,-0.523717719
1,2.201961037,-0.266661077
1,1.409457713,-0.258962161
1,0.253270607,-0.278188854
1,0.681197676,-0.490976799
0,-0.796376983,0.596832683
0,0.173103214,1.089339989
0,-0.642223758,0.8258777
0,0.603418493,0.433743255
0,-1.179087712,-0.042614609
1,0.16027131,0.241693139
1,1.032874785,-0.632701928
1,0.524855933,-0.454150199
0,-0.755086345,0.845252572
1,-0.107878129,0.057188892
1,-0.129681241,0.390567963
0,-0.689950999,0.416719746
1,0.910831324,-0.735531891
0,0.791679887,0.537528103
0,-0.490334123,0.342825236
0,-0.74901548,0.520598894
0,0.878378021,0.240484687
0,-0.907353878,0.754246345
0,-1.022505108,0.516031654
0,-0.446396321,0.665972863
1,1.316415061,-0.414783322
0,0.503182182,0.535393156
0,-0.564052698,0.941394091
0,0.22684584,1.168567576
1,1.5203114,-0.049123391
0,0.276589216,1.084912621
0,-0.617717741,0.706883647
0,-0.237052583,0.616454971
1,0.638716484,-0.259934211
1,1.657136517,-0.454803024
0,0.291622197,0.846536381
0,0.837000338,0.407659369
0,0.71271343,0.873217348
0,-0.834847795,0.368813674
1,2.043722179,0.016285222
1,0.633537771,-0.304418
1,0.442448492,-0.284917395
0,0.784072391,0.381466904
0,0.84884449,0.929308086
0,-0.52636305,0.858345361
1,1.856525413,0.244786253
1,0.19178378,0.215733892
0,-0.519937646,0.595440105
1,2.025798055,0.244986304
1,0.351203245,-0.478526054
1,0.713469854,-0.284389007
0,-0.59950979,0.984496807
1,2.071726866,-0.155190995
0,-0.684200497,0.686893207
0,-0.950859993,0.451399349
0,-0.926615569,0.041587055
0,0.687297736,0.919618878
1,2.059233404,0.190781592
1,1.923354181,0.402360779
0,0.26046758,0.401638073
0,0.877579007,0.679204989
0,-0.614442515,0.582399429
0,-0.614586052,0.672041674
1,1.085566385,-0.547190247
0,-0.391165685,1.357601703
0,-1.127970417,-0.197891361
1,1.814410813,-0.201810232
1,1.680554474,-0.18450537
0,-1.128060401,0.91368913
0,0.654289559,0.58349743
0,0.528175689,0.807805402
1,0.165345848,0.077072003
0,-0.052053245,1.02442361
1,0.077102931,0.335206915
1,-0.237910813,0.344771745
0,-0.750943526,0.414921862
0,1.311304437,0.532164278
0,-0.449114713,0.879589755
0,-1.074186064,0.528280983
1,0.558694648,-0.439297535
0,0.807124451,0.514667331
0,-0.724023042,0.176520266
1,1.884919052,0.301195838
1,2.308206141,-0.013686389
0,0.98417409,0.597450935
1,1.219569342,-0.500163056
0,-0.710314453,0.526414834
0,-0.622801434,0.640597808
1,1.737531327,-0.211735283
1,0.033418327,0.073128058
1,0.429534419,0.601323326
0,-1.003503214,0.388260575
1,1.753399289,-0.173890019
0,1.0834136,0.60310024
0,-0.698815071,0.646948406
1,1.665132178,-0.162783975
0,-0.97367572,0.408404263
1,0.671896595,-0.247751963
0,0.186416082,0.679144885
1,1.780961464,-0.056635982
0,1.082601959,0.057461093
1,1.874461543,-0.077728755
1,2.056828307,-0.27722831
0,-0.59323382,0.895343562
1,1.419380709,0.161856661
1,1.907541982,0.111766115
1,0.024803989,0.459555095
0,-0.995565695,0.323328326
0,0.174689045,1.105111238
1,1.083504316,-0.608875986
0,-0.046821853,0.564493211
1,0.514242587,-0.152014319
1,-0.007375915,0.39925865
0,0.300058216,1.128862277
0,1.103273365,0.106980729
0,0.30384269,0.963213618
1,1.391737279,-0.543757102
1,2.228540963,0.287366025
0,-1.153018843,0.012147407
1,0.507628262,-0.490875065
0,-0.499841697,-0.088036523
1,1.861166828,0.184726154
0,-0.671503525,0.676765434
1,0.732576908,-0.55950743
0,0.974426571,0.355088828
1,0.237656177,-0.456617879
1,0.357168271,-0.329366415
1,1.052156435,-0.472031145
0,-0.661049046,0.694188626
0,0.110060639,0.97446817
1,0.064519027,0.088694291
1,1.411022092,0.043801693
0,-0.240840333,1.069588258
1,1.187871853,-0.429736941
1,1.612168912,-0.144075495
1,2.027709109,0.438869242
1,0.098248945,-0.021961806
1,1.249595926,-0.590540815
1,-0.093977897,0.525338847
1,-0.039107238,0.16710029
0,-0.861398802,0.350344223
1,0.148114242,-0.550528902
0,-1.089301195,0.085967165
0,0.817320699,0.598537993
1,1.456532193,-0.249990283
1,0.923152098,-0.488297437
1,1.158185664,-0.480681226
0,0.502467317,-0.099527147
0,-0.759851158,0.616255519
0,-0.068047689,0.946270968
1,0.156517493,-0.009046825
1,2.013977466,-0.17961568
1,0.192323149,0.097585168
1,0.990533607,-0.4990993
1,1.475916187,-0.414618508
0,-0.594123713,0.470564713
1,0.767014429,-0.44139015
1,0.689500568,-0.121403991
0,-0.716537776,0.86407581
0,-0.859347913,0.356487174
0,0.220468265,0.971556703
0,1.046141503,0.17306281
0,0.074625542,0.99957317
1,0.484006783,0.140168124
1,0.339630038,-0.103571382
1,0.899888862,-0.558948635
1,0.216822863,-0.345472218
1,0.391631975,-0.108648765
0,-0.509156544,0.897661243
0,0.382552662,0.907548148
1,0.616442316,-0.066572248
1,0.655745177,-0.337152958
1,0.310378404,-0.062063234
1,1.638876137,0.191947508
0,-0.774736245,0.308623888
0,0.188305041,0.741977432
0,0.897375254,0.414511141
1,2.228269682,0.471464212
0,0.123597543,1.224601841
0,-0.106537514,1.073281153
0,-1.09042185,0.147845918
0,0.714557231,0.645469039
0,-0.614124901,0.349330337
1,-0.071230039,0.458198923
0,-0.432936899,1.034991462
0,-0.90045639,0.355094757
1,1.564059947,-0.41894133
1,1.253851481,-0.452767995
0,0.307485823,1.167189487
0,-0.170833985,0.85411532
1,-0.10094963,0.555110525
0,0.935981133,0.701958463
1,1.51659171,-0.255082063
1,1.581398701,-0.351280551
0,0.241253246,1.067935527
0,-0.370207138,1.136934207
1,1.158090651,-0.179200896
1,1.057116524,-0.851431543
1,0.340760934,-0.372496546
0,0.919073871,0.013614467
1,0.321548464,-0.443878696
1,0.445362121,-0.085491082
1,0.604601839,-0.483470718
1,-0.005540926,0.022361358
1,0.526534618,-0.243633202
1,0.159707792,-0.398858649
1,1.555076518,-0.123831628
0,-0.096021043,0.583832986
1,0.456240567,-0.075548221
1,1.195630809,-0.308890127
1,-0.310392219,-0.101879485
0,0.064543105,0.922901306
1,1.648445671,-0.498498878
1,1.81526733,0.376899744
0,0.310868641,1.036871303
0,0.613725776,0.951572021
1,2.024106255,0.314678666
1,1.566885537,-0.406019763
0,-0.776476368,0.518580711
0,-0.796494354,1.489833811
0,0.524159273,0.893853393
1,1.286623764,-1.039371587
1,-0.03437392,0.192709168
1,2.135295815,0.500392656
1,1.877809367,-0.275576514
0,-0.652833997,0.632650696
0,-1.199481935,0.338233767
1,1.043255374,-0.37895899
1,1.405506094,-0.223485058
0,-0.463985913,0.769482361
0,-1.161603015,0.542182871
1,0.87577784,-0.699828037
1,0.472019655,-0.223942635
0,0.29743764,0.876831451
0,0.484869875,1.131725958
1,1.67266686,-0.392079162
1,0.843918615,-0.666440653
0,0.181307292,1.065347623
1,1.999613784,0.454347141
0,0.122504318,0.831554868
0,0.957170939,0.839782857
1,-0.007344351,0.422618654
1,1.855485846,-0.243209037
0,-0.240329091,0.946595495
0,-0.145323948,1.019557297
0,0.974018794,0.284999404
1,1.60256359,-0.364257757
1,1.945884782,-0.191203277
1,-0.271556967,0.100114082
1,1.784203015,0.213630825
1,0.33005812,0.091157352
1,1.73891086,-0.62800843
1,0.233689754,-0.326341065
1,2.119861719,-0.0973916
0,1.474338171,0.063827252
0,1.014567892,0.733117964
1,1.690877388,-0.517473101
1,2.098791134,-0.05430925
0,1.153775931,0.169941762
0,0.833457318,0.519592129
0,0.956563003,0.799701215
0,0.034959834,0.994619485
1,0.764606831,-0.180548879
1,0.736555036,-0.479776236
1,1.493567789,-0.232884564
1,-0.544831104,-0.179916928
0,0.268930413,0.752837965
0,-1.047553394,0.393090054
0,-1.149434023,-0.07255233
0,0.409742668,0.772445675
0,0.841355888,0.478888144
1,0.27116674,0.077529512
0,-0.843345456,0.489805414
0,0.048653764,0.7503453
1,1.655762073,-0.374926323
0,-0.877502881,0.655780687
1,0.285070206,-0.511868832
1,0.178331571,-0.037812514
1,0.654953856,-0.219411781
0,-0.821828637,0.561499507
0,-0.894683909,0.183379445
1,1.41770331,-0.18472104
1,2.038952784,0.223261243
0,0.395247745,0.615078491
0,0.49481717,1.145969274
0,-0.113442171,1.513461055
1,1.957215554,-0.127706107
0,-0.493482888,0.619041243
1,2.051763069,-0.013335232
1,1.165118629,-0.415314681
1,2.303286589,0.186284591
1,1.132948141,-0.480620106
0,1.147298419,0.395765421
1,0.030202734,0.025825568
0,-0.287741525,1.156023761
1,0.063744253,0.248471873
1,0.512957089,-0.300567004
1,1.836461007,-0.144363483
0,-0.678779448,1.201860096
0,-0.841288008,0.216391302
0,0.769785333,-0.276273471
1,1.011139692,-0.144546999
0,-0.857929723,-0.133706003
1,1.3790444,-0.009633489
0,0.366977565,0.910407924
0,-0.853156447,0.452994555
1,0.102294516,-0.099747529
0,-0.460208013,0.986136077
0,0.803277661,0.112884906
0,-1.025752606,-0.125138912
0,0.39982816,1.095304363
0,0.582370449,0.773088843
1,0.795866871,-0.406920993
1,1.800310327,-0.024093499
0,-0.804749225,0.812651655
0,1.396520262,0.288556164
0,-0.247327846,0.956870253
1,1.320989245,-0.798963716
0,-0.331635948,0.767491857
0,0.640350928,-0.0458291
1,1.80660681,-0.272502881
0,0.519653006,0.972032539
1,1.400771637,-0.541750669
1,1.678407762,-0.530886366
0,-1.073975958,-0.197703719
1,0.123551363,0.418468399
0,-0.76150366,-0.122356284
1,1.398668827,-0.548155434
1,0.750745318,-0.196205634
0,-0.900766528,1.100664001
1,1.147125279,-0.942704496
1,0.003388798,0.284266849
0,1.155428302,0.512263261
0,-0.511574244,0.867010936
1,0.31049935,-0.054470448
0,-0.611912759,0.975032786
0,0.777664631,0.388664007
0,-0.257906604,1.059369743
1,1.855358682,-0.004212677
0,0.887888557,0.022894488
1,0.313680124,-0.465685293
1,0.936021668,-0.282353233
1,0.148322697,0.165790363
1,1.645173681,0.218629245
1,0.424700504,0.329672587
1,0.768278997,-0.572760303
1,0.617779991,-0.195722848
0,0.318011831,0.935787417
0,1.241856634,0.580733002
0,0.005447044,1.197640823
1,1.306587119,-0.67978399
1,0.068617539,0.304684648
0,0.995084089,0.243542495
1,0.473401967,-0.131249672
1,0.776035568,0.004617585
0,-1.168514557,0.180645605
0,-0.522766438,1.115730402
1,1.012535233,-0.516125739
1,2.141239009,-0.295693137
0,-0.845969277,0.640099581
0,0.534005074,0.814511662
0,-0.987440571,0.884818637
0,-0.517513829,0.411465409
1,1.633485623,-0.300043504
1,0.130083008,-0.048830759
1,1.593514967,-0.127607943
1,1.016060802,-0.314697053
1,1.28772819,-0.186781383
1,0.134987715,-0.540630427
1,0.434260903,-0.346925896
1,1.404336209,0.319038218
0,-0.699295711,0.519896107
1,0.138383328,-0.360648612
0,-1.158420964,0.19348046
1,1.462037956,-0.560153707
1,1.072998792,-0.691793035
0,0.251300136,0.645593302
1,1.635201687,-0.400324059
1,0.043229676,0.060149734
1,1.500412033,-0.335007136
0,0.680210442,0.332035153
1,1.198303547,-0.167117382
0,-1.252222063,0.274542351
0,-0.525132498,0.933404555
0,0.385798823,0.937013342
0,-0.926359783,0.387835381
0,0.855990076,0.28920231
1,0.49145708,-0.23211956
1,1.463272613,-0.455465259
1,-0.3511434,0.250960623
0,0.230321607,0.916118677
0,0.417627362,0.846494452
0,0.228088503,0.654342736
0,-0.161918507,0.962875634
1,1.830036973,0.09954664
0,1.257513174,0.663756698
1,1.367196628,-0.100268499
0,-0.197586863,1.201327784
1,1.875531096,-0.092805514
1,0.995699706,-0.270066555
1,0.274391047,0.02542652
1,1.065543439,-0.375228001
0,0.583299331,0.717910595
1,1.385927348,-0.582190841
0,0.51714815,0.697721023
0,-0.175058792,1.319600848
0,0.724079397,0.729140661
1,1.755997897,0.344056008
1,-0.211735664,0.247547912
1,1.222355505,-0.382571204
0,0.333375825,1.33725559
1,0.382139661,-0.119316188
0,-0.315283255,0.854139422
0,0.515545779,0.934367068
1,0.372824082,-0.227699995
1,0.607474232,-0.026233442
1,1.062617011,-0.37687648
0,1.005261076,0.25000597
1,0.275714611,-0.311996723
1,0.180486202,0.281039198
0,0.875889814,0.168704865
1,-0.110671214,0.534863564
0,-0.46698779,0.881735645
1,-0.112546252,-0.109413771
1,0.724916179,-0.72598254
1,0.133281826,0.350105272
0,-0.080292657,1.163309676
1,0.804848216,-0.359667596
0,1.072162027,0.294695548
0,0.753386339,-0.036377673
0,-0.762800801,0.582475645
0,-0.070388587,1.314522518
0,1.349204577,0.281104764
0,0.069361844,0.508690434
0,-0.248629499,0.613591218
0,-1.191500198,0.197672449
1,1.864455397,0.768312652
0,-0.575535777,0.900809531
1,0.30495544,-0.446606834
1,0.475170119,-0.332956435
1,1.9432441,0.268639593
1,-0.110825719,0.445161467
1,0.181649145,-0.400373642
1,0.130586934,0.176633308
1,2.182699471,0.311228071
1,1.133684763,-0.787133346
0,1.076381724,0.94168777
1,0.264951293,-0.175103682
1,2.033934326,-0.040389229
0,0.767509875,0.358546445
0,-1.127893513,-0.10593491
0,-0.259949866,1.263207158
0,-0.981147059,0.706122539
0,-0.453692349,0.992899421
1,1.647107965,-0.016914867
0,-1.29307353,0.112234589
0,-0.841914494,0.636596183
0,0.074846669,1.041430392
1,1.11473903,-0.686500319
1,0.250923828,0.16643777
1,1.563109186,-0.327666705
0,-0.876020105,0.486099256
0,-0.279077072,1.028934031
1,1.021860313,-0.497773409
1,1.686465236,0.221326783
1,0.498234799,-0.187359539
1,1.899620663,0.361042643
1,1.446269945,-0.270282054
1,0.523111448,-0.661954261
0,0.194527639,1.200052313
0,0.701621181,0.071035134
1,0.113260199,-0.226100044
1,2.095108936,0.128685786
0,0.722154997,0.148361621
0,0.594175895,1.008417956
1,0.012642706,0.632283877
1,1.674571439,-0.38246551
0,-0.342713466,0.863381094
1,1.712711175,-0.311539407
0,-0.847208555,0.671862917
1,1.611776777,-0.347351165
1,1.479465042,-0.31863676
0,-0.165589546,1.258381616
0,-1.02024854,0.625740977
1,0.045579434,0.385528225
0,0.382684585,0.984951983
1,1.243173488,-0.346155791
1,0.311645929,0.035817527
1,-0.039524249,-0.231364096
1,0.120005615,0.178792759
1,0.402128065,-0.348969095
0,-0.585786059,0.287316373
0,-0.980017051,0.896133139
1,2.017984431,0.156035041
1,1.926788162,0.906243784
1,1.214068705,-0.432248676
0,-1.102170676,0.456761516
0,0.474927603,0.76360399
1,2.203507231,0.48695005
0,-0.252748259,0.877479133
1,0.363963774,-0.324065547
1,1.473039327,-0.336310198
1,1.62747018,0.038332128
1,0.473330456,-0.365688551
1,0.723883115,-0.241292445
1,1.27661319,-0.465353072
0,-0.451665305,0.602540074
0,1.254386269,0.234804048
0,0.40484288,1.107800154
0,0.52424907,0.782753964
1,0.566327535,-0.714135962
1,0.667915744,-0.033934036
0,-0.433982378,0.986144933
0,-0.061798229,0.727868051
1,1.736089903,-0.216442125
1,0.036749431,0.202106867
0,0.722257751,0.483134816
0,-0.925994233,0.724387993
0,0.937235498,0.352765438
1,1.833612864,-0.155132864
0,-1.428774165,0.327980761
0,0.692504594,0.687917609
1,1.012720201,-0.476221039
1,2.113617586,0.196414775
0,-1.150261598,0.355121459
0,1.128797752,0.573412538
1,1.028463067,-0.397296061
1,1.280102673,-0.207662997
1,0.101603983,-0.312899595
1,1.289973111,-0.436914682
1,1.80290847,-0.254880855
1,0.119166174,0.062357218
0,0.87870712,-0.120995171
1,0.266695395,-0.40833086
1,1.870703719,0.26280178
1,0.963552119,-0.483182676
1,0.058113814,0.32652881
0,0.941617006,-0.100379254
0,-0.019891032,0.830111986
1,-0.115709817,0.345410099
0,0.683080014,0.572971067
0,-1.136380407,-0.08914797
1,0.232850699,0.053682592
0,0.069313834,1.126101104
0,-0.664049338,1.017572556
1,0.878301378,-0.320962737
1,1.468293015,-0.685476022
0,1.152411566,0.163795689
1,1.63114427,0.117373656
0,1.071884496,0.542286296
0,-0.675256807,0.813276286
1,1.42845961,-0.146603131
1,-0.06231077,-0.028486914
0,0.476586708,0.806038562
0,0.366945508,1.099881414
1,1.869077053,0.204772554
0,-0.601603181,-0.051510812
0,0.915483213,0.049756096
0,-0.750972498,-0.13414246
0,-0.718013831,0.756814055
0,-0.65505619,0.688028888
1,1.602679825,-0.104342078
0,-0.185113887,0.941182911
1,-0.086107913,-0.407423934
0,0.50478029,0.945770732
0,-0.345538222,0.892757456
0,0.373483895,0.772321989
1,1.809348201,-0.2601372
0,-0.586977658,0.937578437
1,0.765416291,-0.326676383
0,-0.074933698,0.966968785
1,1.559622943,-0.193912957
0,1.023604037,0.455547053
1,0.244229864,0.075724092
0,-0.50685657,0.913819078
1,0.940962847,-0.380381184
0,-1.139990251,0.414205729
0,-0.920126994,0.175249318
1,2.327441087,0.391266987
1,1.2874154,-0.147523639
1,0.150307261,-0.521174881
0,1.091602155,0.077353882
0,0.296014806,0.743531529
0,-0.279296415,1.02704445
0,0.997070842,0.668961749
1,0.567541505,-0.663504088
0,0.327562878,0.910897587
1,0.725859424,-0.456654906
0,0.039030618,1.173209899
0,-0.21259861,1.307256024
1,0.184178319,-0.407829479
1,1.358574333,-0.434734923
1,1.055959148,-0.625161634
0,1.053232859,-0.239857331
0,0.939464398,-0.262918873
0,0.606895178,0.507151453
1,2.04460735,-0.135270504
1,0.243172142,-0.415010677
0,-0.740547736,0.951162736
1,0.331876236,0.090843793
0,0.681511107,1.066786176
0,-0.717382879,0.332323131
1,0.141385233,0.101180033
0,-0.966258977,1.162144656
0,-0.614777327,0.540647457
1,1.804483148,-0.285275991
0,-1.028553439,0.47102093
0,0.752609126,0.078669449
0,-0.419039288,0.638042228
0,0.704723455,0.695986521
0,0.236546366,0.688826069
1,0.00823494,-0.090706262
0,-0.763376908,0.382172613
1,0.22967914,-0.022642777
0,1.006143022,0.481830158
1,1.057351577,-0.217808687
0,0.317431927,0.9801614
1,2.216572047,0.099979505
1,2.0183483,0.322981019
0,0.877939628,0.276196675
0,0.779979154,0.520519469
1,0.219450049,0.113607833
1,0.461643874,-0.217651822
0,-0.443733071,0.911146757
1,0.305453042,-0.003008864
0,-0.090667337,1.066265199
0,-1.042158342,0.909924253
0,0.71526523,0.591057701
1,2.362874765,0.784698369
1,1.868547718,1.142940212
1,0.008051023,0.328013264
0,-0.449962504,1.10020953
0,0.500863674,0.744174882
0,-1.248992722,0.182439333
1,0.225113525,-0.048087133
0,-0.490029904,0.853853397
1,1.51624097,-0.824865779
0,0.436784807,0.953452831
1,-0.029846044,0.004924801
1,-0.283021734,0.120464084
1,0.334131552,0.037970658
1,1.796547616,0.436079263
0,-0.148221636,1.103307743
0,-1.001131688,0.622987988
0,1.023072337,-0.335150735
1,0.195603354,0.216303367
0,1.432535,0.151986942
0,0.605611933,0.742019391
0,-0.816286585,0.025778567
0,-0.836433286,0.885090834
0,-0.632836895,0.991225054
1,0.284513143,0.695373308
1,2.176808813,0.305719983
0,-0.373751271,0.136850602
0,-0.450040389,0.647450604
0,-0.709133765,1.274284134
0,0.838550952,0.173233763
0,0.611059806,0.928275383
1,0.15033219,0.685602954
0,-0.674025551,0.262830127
1,1.063036416,-0.387620115
1,1.753072592,-0.415881598
0,-0.940319865,0.036168373
0,-0.866247322,0.465076793
1,1.981403106,-0.064239836
0,-0.654792887,0.470807133
0,0.786207219,0.954688099
1,2.04663601,-0.19566762
0,0.442338157,0.92053108
0,-1.040233329,-0.003707768
1,1.247176026,-0.428254709
1,0.222868526,-0.056185249
1,1.225175693,-0.682500958
0,-0.58324453,0.789910006
1,1.694543045,0.278387463
0,0.775646909,0.423945441
1,0.084953908,0.199962094
1,0.272671945,-0.274572446
1,1.299166375,-0.364211627
0,0.484534493,0.921042375
0,0.027097867,0.757496585
1,1.592770672,0.28631371
0,0.377375493,1.181921695
0,0.775306643,0.957045023
0,-0.419061142,0.83126264
0,-0.958614418,0.201982363
0,-0.100605647,0.967420324
1,0.643357704,-0.511077125
1,0.587418265,-0.7853579
1,1.483575244,-0.396802704
0,0.563121432,0.885199029
1,0.685730147,-0.395945016
1,0.23997028,-0.592079521
1,2.296647222,0.327587738
1,1.054406378,-0.256168669
0,-0.461742667,0.817895099
0,0.724769387,1.275929757
0,0.608913478,0.709274546
1,-0.120397769,0.499941377
0,0.548986105,0.651814087
0,-0.13056977,1.008533391
0,0.328186017,0.557199666
1,2.101609384,0.449238466
0,0.819694144,0.64970063
1,0.817750852,-0.736462861
0,-0.533435544,0.321647528
0,-0.277301295,1.196010397
0,0.575735959,0.358040396
0,-1.015643326,-0.023173364
0,0.191540902,0.873380288
0,-0.121676886,1.14565383
1,1.234667378,-0.046758016
0,-0.272314614,0.889274785
1,0.54266971,-0.098961461
1,2.138783502,-0.598148865
0,0.553067802,0.442070926
1,0.096465156,0.462231984
1,0.182680293,-0.394399473
1,-0.003545014,0.546645956
1,-0.18104883,-0.071835432
0,0.873575548,0.641753948
0,0.920834706,0.30046767
1,-0.05294724,0.271187936
1,1.607398035,0.265666878
0,0.728791672,0.140240672
1,1.176413659,-0.664797719
0,-0.964419683,0.500676741
0,0.90738567,0.382972007
0,0.251059401,1.110304231
1,1.47988758,-0.447054741
0,-0.758169417,0.528151545
1,1.734241921,-0.324507549
0,0.2456714,0.824226339
0,-0.429550887,1.12197258
0,-0.27542293,0.810475151
1,1.613616022,0.153584174
0,-0.036420353,0.643329066
1,1.870328505,0.264687761
1,1.646654065,-0.071595528
1,1.347614534,-0.498449325
0,0.750454726,0.682282578
0,-0.405295892,1.059474077
1,1.296581239,-0.358122768
0,0.767807121,0.858775246
1,0.899855246,-0.368974789
1,1.726377661,-0.701913302
1,1.72225932,-0.145608397
0,-0.888787564,0.352584797
1,1.511061892,-0.058589951
1,0.467130892,-0.659543434
0,-0.705877127,0.571910707
0,-0.946889821,1.135140552
1,1.2248666,-0.56908462
0,-0.238847387,1.044174779
0,-1.015010086,0.068403096
1,1.914250313,0.243151457
0,0.911005979,0.219982051
1,-0.139077639,0.116623051
1,0.553549196,-0.385856834
1,0.565333159,-0.560795599
1,0.473075426,0.126854172
1,-0.3946347,0.041924592
1,0.121298927,0.004768034
1,0.788610119,-0.400875873
0,-0.437775741,1.172626776
1,0.043767141,0.423778122
1,1.752424503,-0.045651482
0,0.420589727,0.830444966
1,1.265102743,-0.63905347
0,0.831125654,0.653312103
1,-0.074967429,-0.04712872
1,-0.017247149,0.127130812
1,-0.000132866,0.367981553
0,-1.116085003,0.31251902
1,0.760059618,-0.403098396
1,1.396781488,-0.635417175
0,-0.645338942,0.957399164
0,0.677701452,0.534288084
0,0.167697821,1.108848444
1,1.435600342,-0.59249521
0,0.694694532,1.172772173
1,0.579690344,-0.068732107
0,-0.286744928,0.965941778
1,-0.196442278,0.123973745
1,0.155039336,0.009428381
1,1.732434971,-0.159076856
0,-1.256316863,0.613283169
1,0.39152153,-0.455148793
1,1.92434382,0.142358133
1,1.924696383,-0.020409638
1,0.028948891,0.502429879
1,1.808326063,0.338069683
1,0.709676124,-0.7262787
1,0.55419553,-0.408857645
1,0.672154595,-0.837130766
1,0.9101902,-0.230150284
1,2.176331094,-0.163987588
1,1.473562559,0.159721121
1,0.392633505,-0.145216415
0,1.033048977,0.063457317
1,1.755644,-0.485158907
1,1.168847974,-0.191926737
1,0.179451811,0.126270127
1,0.802503199,-0.442407846
0,-0.511532767,0.859746094
1,1.932704759,0.33120103
0,-0.766213999,0.489218
1,0.419021118,-0.187843254
1,0.805088123,-0.193309
0,-0.938836832,0.105077295
0,-0.830553381,0.644273772
1,0.517449007,-0.212462998
1,0.61823075,-0.378355868
1,0.019775477,-0.444546847
0,0.733163084,0.364748759
1,-0.257210153,0.284990467
1,1.261197423,-0.773220165
1,0.140699997,0.38246934
1,0.162334688,-0.077239707
0,-1.003004191,0.270257676
0,-1.05664428,0.396727118
1,1.591914033,-0.35617617
0,0.531711232,0.560183862
0,-0.752448749,0.876054595
0,0.538265597,0.687199395
1,1.16114781,-0.765075005
1,0.294684656,-0.155255457
1,2.108582938,0.438530781
1,0.779195492,-0.194651353
0,0.07805474,1.398109539
1,1.543698823,-0.146754743
0,0.39155643,1.013327395
0,-0.377115862,0.606688686
1,1.465801446,-0.203703173
1,1.954018604,-0.370339426
0,0.068836446,0.950589457
0,0.908399842,-0.247629133
0,-0.106680841,1.102001938
1,1.022194895,-0.526647873
0,0.033070571,0.974426336
1,-0.190483019,0.277561007
1,0.510450611,-0.095857425
1,-0.07135693,0.309882545
0,-0.848999404,0.729133891
0,0.565801658,1.021411512
0,-0.754964642,0.457508076
0,0.62911689,0.890932685
0,-0.99427015,0.858000165
1,2.274881606,0.331681575
1,1.299164938,-0.54309797
1,0.478874601,-0.272410335
1,1.60199406,-0.043642943
0,0.656735558,1.054968418
0,-0.768533849,0.351782309
0,0.632559323,0.524577762
0,0.414710785,0.724253181
1,1.7197763,-0.236238285
1,1.114471563,-0.607484262
0,-1.022622657,-0.006623551
1,0.613067826,-0.116061348
1,0.772445087,-0.620551909
1,1.459035393,-0.392173657
1,0.612299299,-0.257973514
1,0.526262126,-0.485241945
0,0.550846012,0.788707502
1,-0.305749415,0.038052383
1,1.084859288,-0.594515645
1,2.212527867,-0.371659799
1,0.044900536,0.805192062
1,1.392956175,-0.547609794
1,2.289751304,-0.112947366
1,0.518237769,-0.513430422
0,-0.631473415,0.878176752
0,0.370756175,1.084117268
0,0.667907793,0.524165228
1,1.054323889,-1.054230948
0,-0.030659667,1.24172461
1,0.248602466,0.309667951
1,1.274285382,-0.101049509
0,0.563458185,0.584242372
0,1.020950006,0.255407951
0,0.077149482,0.659334716
0,0.478798742,0.857551331
1,1.323402869,-0.422952711
1,1.78435427,-0.265603595
1,1.626581244,-0.025194182
1,1.988463258,-0.076971978
0,0.3166723,0.921241439
1,1.184394092,-0.481500249
0,0.486502056,0.95342407
0,-0.372133456,0.742665479
0,-1.296052422,0.30807943
1,0.475846625,-0.498433565
1,0.174132137,-0.11984451
1,1.37748784,-0.64021925
1,-0.049713358,0.315765306
0,-0.787633631,0.488407406
1,1.710561792,-0.206460355
0,1.253273062,0.383290401
0,-0.598024494,0.453424819
0,-0.678192676,0.740062164
1,0.09467879,-0.043409921
1,0.327743637,-0.226145752
1,2.023035767,0.085336834
0,0.093368382,0.935470369
1,0.109483216,-0.244968166
1,2.124470449,0.333126834
1,1.968458426,0.137319917
0,0.032238352,0.763030261
1,1.445470045,-0.160478719
1,2.151612544,0.011605852
1,2.00855653,0.430371187
0,-0.275338462,1.573997559
1,1.761609988,0.034410885
1,1.738772931,0.598600666
1,1.186281909,-0.564072275
0,-0.476232001,0.473856601
0,-0.146354638,1.218119045
0,0.846606693,-0.095911988
1,1.917446625,0.272395597
1,0.478649291,-0.643646632
1,1.644717538,-0.228522988
0,0.104399377,0.982309787
0,0.435053091,0.859010753
0,0.415483248,1.157069486
0,1.081719701,0.846308867
1,0.541372215,-0.159392255
1,2.204921628,0.121194117
0,-0.715426039,0.727729461
0,-0.376455179,0.919085509
0,-0.607763222,0.98615198
1,1.270515023,-0.719978446
1,0.367283659,-0.352431964
0,-0.405867968,0.532250199
0,-0.438995784,0.725246377
1,0.956990136,-0.399194561
0,0.168914487,0.798860726
0,-0.909061369,0.686269768
1,0.055139137,-0.446583347
1,1.605751967,0.184671839
1,1.839459107,-0.291117483
0,-0.626147561,0.283810706
1,0.261509788,-0.016719452
0,0.944153238,0.403746392
0,0.167801857,0.69223343
1,2.081374168,0.369986107
0,-0.455717031,1.288342778
1,1.362097344,0.070464112
1,1.46870497,-0.460109132
0,1.152579046,0.564169286
1,0.279862951,-0.454718447
1,0.063777386,-0.159886701
1,1.080564549,-0.249289568
1,1.471731486,-0.12350154
0,-1.012006853,0.141303641
1,1.328828882,-0.509066883
0,0.093564339,1.441294697
1,2.256070264,-0.045400093
1,0.167512729,0.375980791
0,0.727910036,0.60420265
1,0.062588533,-0.199822238
1,0.171706823,-0.594208361
0,-0.660100348,0.357607016
0,0.636648627,0.132096173
1,0.109577182,-0.071815202
1,1.711985521,0.139514313
0,-0.884290746,0.877752137
0,0.854460496,0.431410566
0,0.922315918,0.319721091
1,2.01372919,0.503543773
1,1.983497871,-0.190577759
0,0.280882156,0.81085877
1,-0.159032868,0.061611882
1,2.063067844,0.1369945
0,0.822510299,0.076915803
0,-0.653384418,0.180877036
1,1.820853654,-0.302843015
1,0.344115197,0.010046687
1,0.38411994,-0.60736836
0,0.260587485,0.683196145
1,1.428818705,-0.432307891
0,-0.089157543,1.098600002
0,-0.903234746,0.318137951
0,-0.377350071,1.149051856
1,0.986634875,-0.233835829
0,-0.614404462,0.494402478
0,1.190726699,0.238922359
1,1.414961335,-0.600248357
0,0.923283218,0.18165411
0,0.018589989,0.68113814
0,1.225413533,0.606346854
0,-0.922716034,0.838317841
0,0.245606149,0.718925864
1,1.342274944,-0.339729573
0,-0.997150877,0.212004078
0,0.57456721,0.537294959
1,0.015037862,0.754880462
0,0.625906063,0.829206432
0,0.984106644,0.685170847
1,1.999541062,0.346479291
1,1.399420357,-0.613749574
1,0.774361073,-0.369017859
1,0.726711775,-0.650223377
1,2.015434659,-0.121227772
0,0.88218724,0.659854172
0,1.152932873,0.211115313
1,1.676058377,-0.291036931
1,0.679262374,-0.289500086
0,-1.215917744,0.285085742
1,2.214310547,0.448293981
0,0.919479297,0.092823159
1,1.273208951,-0.520021109
1,1.556327332,-0.302337384
0,-0.216011116,1.161756211
0,-0.115428816,0.779218725
0,-0.375198741,1.170647691
0,0.846295717,0.647512076
1,-0.227895231,0.391084643
1,1.85753402,0.54760525
1,0.780027672,-0.455338766
0,-0.559357525,1.120919902
0,-0.374015908,1.370596958
0,-0.690151356,0.309505875
0,-0.804773046,-0.127408741
0,1.03219427,0.571317971
1,-0.144834529,0.050904991
1,1.813549389,-0.153971518
0,0.006947671,1.122771968
0,0.583829285,0.16932181
1,-0.134062908,0.16375197
0,0.920582831,0.787233811
1,1.582536924,0.164729626
1,2.053806339,0.671980417
0,0.626400965,1.008693897
1,1.978604923,0.027426355
1,1.260558162,-0.48625738
0,0.341741099,0.796259465
0,-0.567918424,0.161957184
1,0.316528234,-0.173111122
0,0.219853555,1.168412598
1,2.338494051,-0.259640768
0,0.966522468,0.122696612
1,1.922412932,0.496878689
1,1.788413813,-0.45023267
1,0.539340411,-0.105158697
0,-1.505508886,0.291304416
1,0.833391928,-0.587657282
0,0.092249641,1.048822733
0,-0.940873543,-0.141516222
0,-1.013603268,0.212755872
1,0.144744962,-0.516806754
1,0.441737742,0.08748512
1,0.822127222,-0.434598312
0,0.785392633,0.685509408
0,0.048267812,0.971539849
0,0.973367818,0.458099724
1,1.911303568,-0.232035072
0,-0.539381225,1.075738874
1,1.080563128,-0.324576846
1,1.819726652,0.55161991
0,-0.803103658,0.826450253
1,0.691063711,-0.293112529
1,1.653803786,-0.372643076
0,-0.619105593,0.780906829
0,0.556571793,0.818545985
0,-0.649794812,0.489283278
0,0.919979932,0.747300633
1,0.014172862,0.099493497
1,1.156981255,-0.607705575
0,-0.3229495,0.910768363
0,0.53966226,0.666922132
0,0.848138373,-0.005709285
0,0.394483126,0.730351065
1,0.157588429,0.014236697
1,0.339174971,-0.201525461
1,1.963780007,0.553822654
1,1.045575551,-0.545486464
1,2.259225238,0.369654421
0,-0.063986362,0.949404922
1,-0.31151694,0.359218244
1,1.503769378,-0.479490649
0,0.018072936,0.545037267
1,0.065453343,0.238362412
1,0.197151128,-0.322739835
1,0.367946009,-0.432177931
0,0.175180071,0.793181314
1,0.020277368,0.340055533
0,-1.161270218,0.917048674
0,0.651763908,0.898947493
0,1.182746821,-0.117093564
0,-1.27570708,0.074738849
0,-0.757966832,0.217452622
0,0.464109407,0.951363377
1,0.606239401,-0.632802862
0,0.880765797,0.308077997
1,2.196076897,0.572154588
0,0.776052517,0.41107708
1,1.621894539,-0.126154268
1,1.209950998,-0.332899927
1,1.804379224,-0.264582889
0,-0.575366563,1.043206754
1,1.129981003,-0.520655617
1,0.552881514,-0.755193105
0,0.705418214,0.895510272
0,0.472731143,0.61756372
1,2.321115772,-0.085282086
0,-0.341271698,1.038147801
0,1.022695323,0.51539551
0,1.253586047,0.17833742
1,1.966290881,0.333013558
0,-0.757083444,0.01488817
0,-0.429302806,0.434115561
0,-1.51194834,0.155813483
1,1.779755973,0.044526789
1,0.017104905,-0.051767457
0,-0.504926358,0.462503829
0,0.896194342,0.381440446
1,1.314599968,-0.233776579
1,1.127649193,-0.410565507
1,0.144949472,-0.663216846
1,1.760002112,-0.093860034
1,1.847697156,0.424798777
1,1.267749511,-0.43731204
0,-0.286265292,0.427298652
1,2.367956715,-0.04870422
0,-0.820657602,0.576019447
0,0.760289602,0.914155072
0,-0.79915515,0.557630447
0,0.959805062,0.799845922
1,0.874328298,-0.675409415
0,-0.191316491,1.22875097
0,-0.583245374,0.465921898
1,0.151275274,0.29590943
0,-0.771604145,0.302613431
1,0.005844428,0.240195348
1,-0.028948557,0.437821465
0,0.498636214,0.428638384
0,0.635955528,0.25929824
1,0.065691699,0.173608012
0,-1.084509248,0.530598492
0,0.830046105,0.315189868
1,0.680176453,-0.42064829
1,-0.037719454,0.045977403
0,-0.891411241,0.442528519
1,1.766670502,0.032561895
1,1.174859502,-0.44781023
0,-1.132327924,0.446955042
1,2.269958586,0.395655818
1,-0.055677266,0.194530893
1,-0.385743326,0.026817659
0,0.273332088,0.977276635
0,-0.100319468,0.662836994
1,2.150169692,0.230657906
1,2.335915224,0.08506284
0,0.811622588,0.873060164
1,1.834673954,0.203768786
0,0.356123041,1.056217438
0,-1.159512222,-0.164969464
1,1.492218454,-0.470322128
0,0.311303274,1.515603781
1,0.824752712,-0.207278761
0,-0.447247494,0.600213745
0,0.810223538,0.3923176
1,0.279297856,0.347294203
0,-0.712674621,1.012976796
0,0.471043274,0.772509946
1,0.70395447,-0.64397912
1,0.186708334,0.567793508
0,1.110734713,0.458474922
0,0.662659109,0.429675257
1,1.623381039,-0.17662414
0,0.575096791,0.596052714
0,0.593163927,0.635184388
1,0.066166571,-0.575234367
1,1.990705726,0.084958929
1,0.911849485,-0.454184381
0,-0.678662279,1.023704062
1,1.73083481,0.332967152
0,0.446177071,0.708734957
0,0.634223043,1.175091601
1,1.780816382,-0.488593149
1,0.845475056,-0.570827047
1,0.785053309,-0.681983997
1,0.439770954,-0.206414347
0,0.280777536,1.009468629
0,-0.374405679,1.082891564
0,-0.460704925,0.926050401
0,0.877283009,0.316465204
0,0.505214962,0.803815779
0,-0.738203665,0.579170314
1,0.194859647,0.919223314
1,0.870665609,-0.309618795
1,0.680396556,-0.109566694
0,-0.774151255,-0.029515495
1,1.186451947,-0.815730364
0,0.901673113,0.20559557
0,0.577496403,1.000303767
0,0.352007894,1.029510911
1,0.513559208,-0.063961874
1,0.189038057,0.242816959
1,0.262808816,0.042009989
1,0.068544357,-0.097036628
0,-0.279783822,1.300544022
0,-0.952389867,0.397332207
0,-1.058159752,0.167219792
1,0.261394871,-0.62239419
1,0.059442287,-0.071936472
1,0.284281736,0.242877266
0,0.359597574,0.961097892
0,-0.020096017,0.693008826
1,1.937762684,0.069123224
0,0.93661777,-0.019005198
1,0.821828109,-0.15986114
1,1.142275998,-0.460569481
0,-0.329516459,0.778072788
1,2.107448279,-0.252703706
0,-0.79018477,1.050922391
0,0.043165369,1.017083904
0,0.708331313,-0.081086453
1,1.029953125,-0.315574183
0,-0.728501217,0.775739499
1,1.797271036,-0.29405676
1,0.770890465,-0.255218849
0,0.495233516,0.812876889
1,1.661236248,-0.635636273
1,2.294126712,-0.039711287
0,-1.382289294,0.165081146
0,-0.762704014,0.39340763
0,-0.229743255,0.978413311
0,-0.429193143,0.57084244
0,0.231531456,0.947703753
0,0.825362127,0.262146106
1,1.109048248,-0.652030697
1,0.778461194,-0.676670375
0,-0.377378659,0.724883764
0,-0.918040002,0.514604202
1,1.81910152,-0.212315286
0,-0.935764319,0.183323087
1,1.819748268,-0.040149988
0,0.663366989,0.344102274
1,1.676377188,0.682296389
0,0.196909031,1.537594127
0,1.209384706,0.21482425
1,-0.004493886,0.326088385
1,1.159936931,-0.620310583
1,1.643885692,-0.0877447
0,0.086911497,0.89130324
0,-0.113268713,0.705175113
1,1.289423344,-0.442314956
1,1.717997952,-0.05437097
1,1.60577698,0.056504619
1,1.942634479,0.285930424
0,-0.667831581,0.835772935
1,0.980452097,-0.416930534
1,0.675998041,-0.454919158
0,1.075944221,0.468416127
0,0.398829298,1.016976879
0,-0.934510095,0.638710801
1,-0.121699505,0.135065891
0,-0.320191833,1.351919414
1,0.66781479,-0.48606556
0,-0.86224556,0.157641534
1,0.532225903,-0.416282861
1,1.162335396,-0.403216708
1,0.66422373,-0.352037617
0,-1.121505616,0.229212936
0,0.240102435,0.992430747
0,-0.382399971,1.267770649
0,0.439586085,1.056145081
0,-0.317817305,0.775433137
0,-0.544250544,0.359040456
1,1.747893942,0.159681075
1,1.735938416,-0.346860723
0,1.051956165,-0.01858527
0,0.779011121,0.089428602
0,0.844583716,0.239949248
1,0.388796721,-0.257634328
1,0.998591782,-0.644110308
1,0.672015569,-0.308984667
0,0.311517807,1.307879098
1,1.850696294,-0.392599826
0,0.285936145,0.764250468
1,0.468762169,-0.226650536
1,0.232543123,0.377369861
0,0.444452019,0.818458783
1,2.094763054,0.555936957
0,-0.550163692,1.082155232
1,0.816242334,-0.480307272
0,0.846249593,0.592119019
0,0.937362173,0.428406575
1,1.004196334,-0.403740859
1,0.512264531,-0.17514801
0,1.074045893,0.477892076
0,1.09150571,0.656544414
0,-1.21972319,0.222557113
0,0.953638199,0.147435161
1,-0.11824331,0.370293397
0,0.102831535,1.170003023
1,2.131550633,0.36221453
1,0.164317737,0.250710627
1,1.92087101,-0.169140419
1,0.187468047,0.364864972
0,-0.695673828,0.404246629
1,0.291191878,-0.470714393
1,1.805377664,-0.234448922
0,-0.33978719,0.803375857
0,1.164346602,0.795610712
0,-0.508947085,0.465248208
1,0.108762743,-0.056250106
0,0.69180331,0.735539645
1,1.565042544,-0.019829792
0,0.812372787,0.345698689
0,0.267929911,0.908420609
1,0.391393125,-0.243560459
1,0.307560873,-0.228427283
1,0.197660323,0.453516816
1,2.08621833,0.110255949
1,0.736134299,-0.46598225
0,0.800124983,0.776414084
1,1.446753617,-0.222242326
0,-1.440582301,0.07439321
1,1.725054612,-0.344446168
1,1.938516004,-0.140907084
1,2.025260612,-0.077626642
1,1.358010829,-0.379367741
1,1.914541942,0.716369477
0,0.213445258,0.545519163
1,1.260206053,-0.529487483
1,0.231814303,-0.102606772
0,-1.178764262,0.677758213
1,1.493888523,-0.608533079
0,0.541495047,1.311990003
1,1.786888716,-0.476004865
0,-0.681317722,0.251170973
1,2.532715956,0.552806893
0,-1.471671886,0.231281152
1,2.006419192,-0.384866513
1,2.267069505,0.161826814
0,0.977315772,0.0902784
0,0.871298442,0.426362878
0,0.908738268,-0.010706172
1,1.752040815,-0.049488826
1,0.928991016,-0.445457602
0,0.121535427,1.208968762
1,1.78644079,0.673590601
0,-0.891356631,0.926164373
0,0.284529271,1.197612641
0,0.104229858,0.699187881
1,1.393853879,-0.403677142
1,0.814234982,-0.697010309
0,0.131411183,0.865942378
1,1.970873809,0.446343992
1,1.140347348,-0.520029131
1,1.849120746,-0.589905708
1,0.225313393,-0.234374048
1,1.215974225,-0.372987165
0,0.959527684,-0.010320692
1,1.042677677,-0.640613863
1,1.722299765,0.426664895
0,0.767844357,0.905760327
1,1.597751643,-0.905640051
0,-0.432369142,1.090112565
0,0.093343157,0.760572123
1,1.459725901,-0.278730755
1,0.617843973,-0.505756869
0,-0.897029346,0.310030006
0,-0.472994402,0.652605214
1,0.599827574,-0.274002315
1,0.093109052,0.094346621
0,0.887078548,0.625473326
1,2.15314823,0.293769907
1,0.204514231,-0.423329494
0,1.326954509,0.50528007
1,1.572082963,0.011826129
0,-0.244194311,1.081857537
1,-0.057878855,0.24603366
0,0.435479063,0.934228256
1,0.200164928,-0.288702813
0,0.151470867,0.697298478
1,1.836373546,0.255023335
1,1.227768507,0.111693327
0,-0.321303763,1.103566687
0,0.257818357,1.012798895
0,-0.642307691,1.138221515
1,0.844006624,-0.739747315
0,-0.879626444,0.626827787
1,0.892995352,-0.701186545
1,0.593258545,0.047585692
0,-0.282136729,1.060103896
1,0.622709936,-0.393870192
0,0.551346664,0.904902
1,-0.092329343,0.540892812
1,1.857316963,0.12781199
1,0.696417568,-0.575030609
0,-0.7351622,0.745535472
0,-0.152300255,1.163975852
0,0.573120953,1.152365396
1,1.354562494,-0.644131932
1,1.138433466,-0.431710164
0,0.018894492,1.095249362
1,1.414411036,-0.59111114
1,-0.318271461,-0.084953517
0,-0.685800749,1.036602656
0,-0.125229312,0.9290862
0,-0.542735623,1.011497141
1,0.679153028,-0.394883221
0,-0.289150338,1.011771799
0,1.054968942,0.835437322
0,-1.181044704,-0.01137274
0,0.946297213,0.199776507
1,1.819678353,0.348259521
0,0.584181837,0.789120893
0,-1.288161436,0.166808159
0,1.092666876,-0.133794309
0,0.568838177,0.816233773
0,0.840383857,0.417097416
1,0.944617268,-0.491531395
1,0.101632544,0.030650401
1,1.147433196,-0.626443965
1,1.785329574,0.373526551
1,1.405742005,-0.280941035
0,-0.892149774,0.661107377
1,1.177968138,-0.384519407
1,0.215374729,-0.198896451
0,1.107421736,0.297366147
0,-0.135505262,0.708209066
1,1.805075502,-0.335013313
1,1.785388464,0.189261598
0,-1.265620599,0.469376326
1,0.129262691,-0.084395483
1,0.77709117,-0.453599004
1,0.12254643,-0.025948937
0,0.10102607,0.698733986
0,-1.130395689,0.068084687
0,-0.066114293,0.687895883
0,-0.897803941,0.565393872
1,1.547684025,-0.448781565
1,0.682829299,-0.408293776
0,0.6496238,0.658933717
0,-0.944273188,0.072631794
1,1.890124756,-0.454601331
0,-0.032997668,0.960096429
1,0.303129572,-0.452888359
1,2.024666976,0.291375434
1,2.242021617,0.302435992
0,-0.896955139,0.439856443
0,0.643670466,0.882478901
1,1.53583885,-0.428976243
1,0.131945636,0.594442752
0,0.749141542,0.524389636
0,-0.215796492,1.411392235
0,0.726295253,0.475433312
0,0.478353649,1.279978976
0,-0.406630383,0.976084108
1,1.864344676,-0.563898818
1,1.687943938,0.145521622
1,2.172924241,0.563425927
0,-1.03521666,0.621085936
1,2.060290164,0.333354779
0,0.884965461,0.635640571
1,0.833107628,-0.673505214
0,-0.197475021,1.158842737
0,-0.218088437,0.904016243
0,-0.837084324,0.581625524
1,0.055767935,-0.088967078
0,-0.908993256,-0.014186689
1,0.190567873,0.472073766
0,0.971168631,1.153477761
0,-0.63930342,0.504156245
0,-0.206657917,1.492534011
0,-0.701447174,0.195238829
1,0.431104734,-0.137021305
1,-0.335820152,0.110286356
0,-1.042879951,0.26303358
1,1.928200965,0.472799182
1,0.077631272,0.097017432
1,-0.02253991,0.565175905
0,-0.229324468,1.092096239
0,1.061226242,0.246731703
1,-0.224183269,0.436300626
1,-0.080255816,0.306094223
1,1.131647807,-0.321421674
1,0.700120501,-0.352684572
1,-0.158904941,0.055295178
1,2.116831914,0.362986027
0,-0.048822224,1.034492078
1,1.230452891,-0.337233761
1,0.128153794,-0.290878746
1,0.098495078,0.540942348
0,-0.725307661,0.733587959
0,-0.227792967,1.166889464
0,0.451768749,0.822830437
0,0.519401648,0.752446604
1,1.334597355,-0.431728089
1,0.394909114,-0.224790547
1,-0.077654983,-0.04693206
0,-0.356036332,0.841249053
1,0.978716558,-0.561810382
0,0.586688994,0.394564467
1,0.974075381,-0.66940286
1,1.21632857,-0.375979502
1,0.62467341,-0.569228079
0,-0.692072804,0.593355334
1,1.391891975,-0.246861887
0,-1.003144181,0.649912245
1,0.140411148,0.140577367
0,-0.827334239,0.473586402
1,0.956332503,-0.333522686
0,0.775927532,0.45256146
0,-0.445649573,0.962168182
1,2.107937439,0.587169794
0,1.112901677,0.372657639
0,1.138500293,-0.118772458
0,-0.336543156,0.875497069
0,-0.323282376,0.612561253
0,-0.792861395,0.44733624
0,0.768995675,0.539215135
1,1.505371621,-0.178580835
1,1.642805195,-0.651057257
0,1.081346252,0.277195004
1,0.270932954,-0.408760732
1,0.737814351,-0.397715912
0,1.017619075,0.544649987
1,0.729803696,-0.574427222
0,-1.09434243,0.18455409
0,-0.132573842,1.051820589
0,-0.056577983,1.148457956
0,1.074795038,0.665879625
0,0.823972058,0.72507481
0,-0.240691949,0.614333126
1,1.325608114,-0.565174184
0,0.002518637,0.717447202
0,0.603722785,0.998611229
1,1.245508759,-0.534327668
1,0.635641537,-0.509981845
1,0.00966643,0.777235048
1,0.433588356,-0.246571924
1,1.878917684,0.025971009
1,0.313088976,0.302018022
1,1.39941475,-0.181912111
1,0.296068211,0.367741385
0,1.142446758,0.385543662
0,0.948522429,0.565521052
1,0.020007347,0.119234493
1,2.13495449,0.309606081
0,1.162163513,0.181981006
0,0.06041875,1.12284684
1,1.608116185,-0.758517671
1,0.332321875,-0.129043073
0,-1.053310844,0.875204721
1,1.204224562,-0.666566709
1,2.161244222,0.532255811
1,0.62867222,-0.29103127
1,2.040606991,0.162377314
1,0.207560912,-0.405895369
1,0.173650941,0.521163982
1,1.370987344,-0.078924506
1,0.966577502,-0.58127387
0,-0.738881518,1.431909735
0,-0.629944501,0.203753594
0,0.304334154,0.696897277
0,0.465084521,1.333803533
1,1.943909674,0.496709724
1,1.518316775,-0.135912042
0,0.94926666,0.534716275
0,-1.285100485,0.509200319
1,0.879514722,-0.281780084
1,0.942022801,-0.684053116
0,0.244463648,0.560631878
0,-0.839315734,0.763287157
0,-0.991102601,0.118339732
0,-0.745178211,0.735494446
0,-0.022405881,1.140962772
0,0.194199906,1.485281586
1,0.045561386,0.311179752
1,1.39138273,-0.313556355
0,-0.686997916,0.572013823
0,-1.279429241,0.6278306
0,0.081966573,0.84198209
0,-0.539533162,1.035155605
1,0.240336491,0.063716102
1,-0.028309878,0.650960783
0,-0.175549198,0.745272794
0,0.116511625,1.134840054
1,1.501496923,-0.374555933
0,0.58936657,1.268688472
0,0.05337593,0.92785229
1,0.270890383,-0.248327801
1,1.896736287,0.492496199
0,-0.481171743,0.932187729
1,0.190636196,-0.48574508
0,-0.141479003,0.888315442
0,0.487375032,1.008295891
1,1.408630917,-0.621633472
0,0.35022053,1.096610291
0,1.086367012,0.58708649
0,0.078702581,1.120060817
0,0.645979651,0.398987319
1,-0.047354549,0.59007132
1,1.592796504,-0.180287481
0,0.866718675,0.477979199
1,-0.107567033,-0.175095652
0,-0.672379192,1.054588401
1,1.791093653,0.056817236
0,1.31826396,0.234434233
1,0.207903508,-0.124999749
1,0.737335178,-0.265420064
0,-0.239977208,0.979592714
0,0.618177019,1.162914586
0,-1.509858182,-0.050385268
1,1.030190457,-0.420764721
0,0.546318925,0.70141522
1,0.415144672,-0.203669603
0,-0.358952672,0.948906011
0,-1.139295739,0.392101142
0,-0.355407307,0.990147763
0,-0.401972768,0.917513712
0,1.062293182,0.272398371
0,0.315165049,1.067089225
0,1.301185334,0.125186061
1,1.852814441,0.729659511
1,0.464039109,-0.618292123
0,-0.542593081,0.7718161
0,-1.039139683,0.660922662
1,1.059579904,-0.629385522
1,1.100456274,-0.625384295
0,1.012451571,1.042300037
0,0.586938687,0.910661577
0,-0.665886688,0.776166239
0,0.359095922,0.603669765
1,-0.041683965,0.406215772
1,1.952714244,0.160103522
1,1.678656785,-0.319965054
0,0.811224624,0.651472513
1,1.711689703,-0.03679149
1,1.646318449,-0.129426681
1,1.765359811,0.067802634
1,0.714651881,-0.557002254
0,0.522395679,0.504554208
0,0.954471361,0.07735712
0,-0.458795709,0.606223619
0,0.398532693,0.901573063
0,0.862466949,0.517601668
0,-0.472227716,0.984898091
0,0.985790735,0.410151334
0,-0.43036437,0.415780831
0,0.947131093,0.461142873
1,1.59709076,-0.153807578
1,2.042609741,0.362895493
0,-1.026497145,0.227739693
0,0.693361678,-0.203407939
0,-0.961555633,0.040734816
0,0.416242438,0.687491152
0,-0.298714605,1.223246038
1,0.533520556,0.175967231
0,0.428936281,0.802651909
0,1.195474393,0.29238957
0,0.436092728,0.409694194
1,0.914060039,-0.726797614
0,-0.742831414,0.161056231
1,1.429557985,-0.302241246
0,-0.228091437,0.95524948
0,-0.17185846,1.001531887
0,0.663078852,0.585105311
1,0.359783605,-0.26666117
0,-0.896205511,0.59743879
0,-0.545849813,0.759234841
1,0.454873926,0.417537474
1,1.454092514,0.011375224
0,1.164309466,0.440915681
0,0.04731792,0.827144696
1,1.18497936,0.014604024
1,1.428801973,-0.47685823
0,-0.893498745,-0.01386722
0,0.291831005,1.060093382
0,-1.216988937,0.140797332
0,-0.993557798,0.062702457
0,0.335577114,1.26742268
0,-1.055917148,0.673094411
1,1.914184404,0.485324063
1,1.779711619,0.142890944
1,0.987983282,-0.672577435
0,-1.1735157,0.009293201
0,-0.974911478,-0.219787837
0,1.020198972,0.802863441
0,-0.439410735,0.617638366
0,0.477236008,0.944931886
1,0.986165121,-0.221236556
0,0.143401438,0.93310457
1,1.478737738,-0.302553297
0,1.031321712,0.050209667
0,0.758415589,0.848203738
1,0.041137776,0.508457652
0,-0.649074909,1.171452485
1,1.285118832,-0.549391438
0,-0.630867782,0.866277229
0,0.568961148,1.07300308
1,0.670156848,-0.521305385
0,-1.026032448,0.11582174
1,2.109173956,0.258976076
1,0.552785517,-0.370097581
1,1.799173875,-0.32506527
1,1.533785542,-0.316977052
1,1.599442444,-0.75205598
1,0.211237459,0.028568075
0,0.699999558,0.647550124
0,-0.527775497,0.707121708
1,0.20199048,-0.32445169
0,0.430225066,0.844107519
0,-0.246642946,0.83016355
1,0.929889974,-0.405308269
0,0.258253115,1.360565209
0,0.068093647,1.013164922
0,-0.118541257,1.275327635
1,1.854571781,-0.132983516
1,1.568466518,0.024060413
1,1.184933347,-0.703246818
1,0.126708405,-0.228222199
1,2.185908598,0.17149943
0,0.476898016,0.851119589
1,2.003968781,0.516150464
0,0.22146305,0.350582454
0,0.68323385,0.894776269
0,-0.514948798,0.899545961
1,1.487563334,-0.377598923
0,1.034653897,0.380290681
0,0.805643622,0.42379946
0,1.085306383,0.411413038
0,0.448746827,0.916721587
1,0.348332846,-0.079985978
1,0.440474683,-0.7039051
0,0.899802169,-0.413938996
1,2.022370838,-0.371603453
0,1.137711854,0.800014736
1,2.009156732,0.518892558
1,1.710147858,-0.123585685
0,-0.884098218,0.931646956
1,0.438218255,-0.648941324
0,-1.281109354,0.136905047
1,1.609683147,-0.414458012
0,0.797148584,0.647359111
1,-0.007129921,0.295840658
1,1.784487078,-0.373506401
0,-0.027264809,1.097788479
1,1.807111688,-0.088849137
0,0.635634123,0.974534201
0,0.800076612,0.06977024
0,1.018770504,0.263210496
0,-0.964403988,0.53694025
0,0.16139921,1.24388113
0,0.530280341,1.163211119
1,0.100919227,-0.216956853
0,0.892971988,0.467592651
1,0.059848681,0.144499597
1,2.116936252,0.271168794
0,0.868969188,0.562543765
1,2.033869157,0.206961183
1,1.42464549,-0.170477692
0,0.772309767,0.178574339
0,-0.688623187,0.955125384
0,1.058967285,0.539150743
1,0.301280576,0.307875882
0,0.677754275,0.355042903
0,-0.758230517,0.854258228
0,1.023578001,0.453342094
0,1.010197842,0.562921646
1,1.633379427,0.026940593
0,1.136192123,0.533763775
1,1.119042935,-0.545067724
0,-0.713267221,0.619031061
1,0.267630255,-0.418865653
0,0.134125019,0.973311356
1,-0.036766932,0.570495789
0,-0.509656566,0.531503915
1,2.003688917,0.227676358
0,-0.636648958,0.267727952
1,0.29961355,0.030183952
0,0.843842608,0.600227701
1,1.794301686,-0.21080515
0,-0.618087264,0.354233732
1,0.666060488,0.072781167
0,-1.295334685,0.198750635
1,0.159458591,-0.136410213
1,1.544130982,-0.44060117
0,-1.244063925,0.338843576
1,2.455309521,0.128430967
0,0.576845666,0.971990173
1,1.64517153,-0.391178849
0,1.232561603,0.228881511
0,-0.826289921,0.642211607
0,0.291567361,1.285869402
1,-0.067509069,0.264265414
1,1.17737503,-0.379851789
0,-0.823618489,0.463790231
0,0.360812821,0.972513746
1,1.236000592,-0.442205448
0,0.479020872,1.269563647
1,1.726581788,-0.426673028
0,-0.758125906,0.687336075
0,-1.151710801,0.792679359
1,0.572880992,-0.507622351
1,1.919229765,-0.149345548
0,-0.657429957,0.989894613
0,-0.875773645,-0.335605091
0,-0.464251498,1.151336834
0,0.794197016,0.557043509
0,-0.517245852,1.175134682
0,-0.807552782,-0.045274598
0,-1.098644566,0.25172987
0,1.128855252,0.484576124
1,2.141873751,0.508060521
0,-1.135146551,0.267662874
0,0.373084299,0.976773163
1,1.508732272,-0.520438224
1,1.053360139,-0.358177045
1,0.763436948,-0.370241737
0,0.978689006,0.78067119
0,1.072469351,0.173405978
1,0.436202921,-0.610133901
0,0.564301512,0.744831763
1,1.933023205,0.698291565
0,1.073104458,0.614231839
1,0.208862954,-0.158966915
0,-0.818741019,0.140742493
1,1.667622173,-0.759308126
1,2.09933695,0.599262883
0,0.973563567,0.782062003
0,0.600912061,0.056863379
1,0.31735171,-0.179787265
1,0.797844399,-0.424830552
0,-1.262365913,0.282125432
0,0.304493513,0.857906408
1,1.61673831,0.126759745
1,2.026494061,0.042758025
0,0.046995071,0.831310185
1,0.045888099,0.382853651
0,0.994894619,0.63117651
0,0.239822279,0.997988688
0,0.905078518,0.587326475
1,2.320294418,0.553564877
0,0.101108589,1.199184951
0,-0.242961872,0.868949471
1,0.871771,-0.363899781
1,0.185418577,0.137388766
0,-0.1049115,0.913987598
0,-0.646021567,0.157519705
0,-0.956252162,0.497679851
0,1.10673836,0.553671619
0,-0.008076432,0.894813783
1,0.741838661,-0.25861453
1,-0.127403051,-0.081140333
0,1.025607675,0.655036685
0,0.537571238,1.15483968
1,1.187434513,-0.307531864
1,0.003082255,0.151222736
0,-0.182780924,0.610617721
1,0.351709603,-0.210991988
0,-1.062042112,0.40943967
0,-0.914628852,0.193270032
0,-1.081876553,0.405208398
1,-0.145649071,0.444714609
0,0.817789458,0.756210669
0,-0.878124926,0.382185056
0,-0.757690477,0.115409492
1,0.918326763,-0.691544986
1,0.793533794,-0.408158254
0,-0.427114908,0.920469364
0,0.964427167,-0.035928247
0,0.693154764,0.595959059
0,0.494666595,1.153432111
1,1.41387465,-0.576937654
0,-0.204323433,1.248047551
1,0.811844995,-0.368350196
1,0.792321681,-0.358065057
1,1.077076748,-0.582032838
0,0.409477973,0.317144156
1,2.02796309,-0.303852841
0,-0.867876252,0.182872616
1,1.905444416,-0.281010293
1,0.24266631,0.244404771
1,1.547594215,-0.512467921
1,1.09896639,-0.551229026
0,-0.517710774,0.306113451
0,0.815106503,0.671867139
1,0.229032122,0.144375786
1,-0.023838549,-0.051009882
0,-0.248908272,0.98250442
1,0.613435593,-0.147480438
1,-0.069834584,0.240583079
1,2.020887733,-0.034959137
0,-0.645424222,0.408487705
1,1.570861444,0.243999781
1,0.738900426,-0.448339166
1,0.66689607,-0.672020004
1,0.544569636,-0.576015149
1,0.170048999,-0.294296734
1,1.822249194,-0.19841463
0,0.593695974,0.830638661
0,-0.119183265,1.067244991
1,0.941011401,-0.597054934
1,0.898726751,-0.74111203
0,-0.322306756,0.854297939
0,0.399339993,0.983952641
1,0.52719759,-0.083308385
1,0.491081832,-0.1948011
1,1.558773832,-0.778843278
1,0.827076179,-0.125550893
1,0.238104743,-0.51979252
0,0.175343632,1.117414481
0,0.785279318,0.419012068
0,0.281806314,0.90771569
1,0.933023201,-0.544714525
1,-0.06844422,-0.027234329
0,-1.018023241,0.168343446
1,1.251954828,-0.507908864
0,-0.155619625,0.876050928
1,-0.051390607,0.055209442
1,1.72916186,-0.105112489
0,0.935164418,0.363511685
0,0.710999824,0.67414569
0,1.11350228,0.231248549
1,0.850101556,-0.300707911
1,1.772290622,0.304098893
1,0.091068502,0.054136423
0,-1.151062704,0.744842203
1,-0.079359847,0.402148859
1,0.099618584,-0.503394011
1,1.276063355,-0.869908727
0,-0.786441828,0.766688848
0,0.723156044,0.831916329
0,0.989869565,0.553719107
0,-0.053124975,0.981325395
0,-0.655096975,-0.181798794
0,-0.478364292,0.740491206
0,1.008412998,-0.085445628
1,0.326639448,0.043827635
0,-0.409947692,1.002086711
0,1.181612773,0.39372544
1,0.473353933,-0.231459126
0,-0.781921845,0.693999167
1,1.439715215,-0.404701574
1,0.016123881,0.199556931
1,1.940719866,0.008360466
0,0.037245938,1.006392046
1,1.395202769,-0.459241847
1,1.370255556,-0.793919114
0,-0.237803324,0.838880211
0,-1.160877296,0.079136039
0,0.724230268,0.940144906
1,1.162909877,-0.405131176
1,0.11553869,-0.012018212
1,0.890445327,-0.544145405
0,-0.365698083,0.77324594
0,-0.628599107,0.430892569
0,0.700749504,0.603786295
0,-0.8266557,0.831427635
1,0.792394828,-0.582698675
0,1.175952262,0.272187909
1,0.633249141,-0.413025596
0,0.83846799,0.792508119
1,1.622630916,-0.664699635
1,1.267764277,-0.495709154
1,0.287806035,-0.165082553
1,0.420521886,0.095015149
0,-0.39746552,0.38015889
0,-0.940532052,0.095738509
1,0.530961768,-0.607325318
1,2.03048433,0.183076685
1,2.014170788,0.189139992
0,0.335307955,1.303736788
1,1.424541093,0.050773217
1,-0.193271629,0.557113801
1,-0.121756122,0.508190484
1,1.772093501,-0.342661615
0,1.040232889,0.733191287
0,-0.969920296,0.675946167